<?xml version="1.0"?>
<doc>
    <assembly>
        <name>MyApi</name>
    </assembly>
    <members>
        <member name="P:MyApi.Controllers.v1.AddressDto.Country">
            <summary>
            3-letter ISO country code
            </summary>
            <example>Iran</example>
        </member>
        <member name="P:MyApi.Controllers.v1.AddressDto.City">
            <summary>
            Name of city
            </summary>
            <example>Seattle</example>
        </member>
        <member name="M:MyApi.Controllers.v1.UsersController.Token(MyApi.Models.TokenRequest,System.Threading.CancellationToken)">
            <summary>
            This method generate JWT Token
            </summary>
            <param name="tokenRequest">The information of token request</param>
            <param name="cancellationToken"></param>
            <returns></returns>
        </member>
    </members>
</doc>
